game_id,language,n_rounds_is_known,max_rounds,played_rounds,agents_communicate,agent1_name,agent1_llm,agent1_personality,agent1_knows_opponent_with_prob,agent1_strategies,agent1_scores,agent1_messages,agent2_name,agent2_llm,agent2_personality,agent2_knows_opponent_with_prob,agent2_strategies,agent2_scores,agent2_messages
game_4,fr,True,30,30,False,agent1,LocalModel,coopératif,0,"['OptionB', 'OptionB', 'OptionB', 'OptionB', 'OptionB', 'OptionB', 'OptionB', 'OptionB', 'OptionB', 'OptionB', 'OptionB', 'OptionB', 'OptionB', 'OptionB', 'OptionB', 'OptionB', 'OptionB', 'OptionB', 'OptionB', 'OptionB', 'OptionB', 'OptionB', 'OptionB', 'OptionB', 'OptionB', 'OptionB', 'OptionB', 'OptionB', 'OptionB', 'OptionB']","[10000, 2000, 10000, 2000, 2000, 2000, 10000, 2000, 2000, 10000, 2000, 2000, 2000, 2000, 2000, 10000, 2000, 2000, 2000, 2000, 10000, 2000, 10000, 10000, 10000, 2000, 2000, 2000, 2000, 2000]",[],agent2,LocalModel,coopératif,0,"['OptionA', 'OptionB', 'OptionA', 'OptionB', 'OptionB', 'OptionB', 'OptionA', 'OptionB', 'OptionB', 'OptionA', 'OptionB', 'OptionB', 'OptionB', 'OptionB', 'OptionB', 'OptionA', 'OptionB', 'OptionB', 'OptionB', 'OptionB', 'OptionA', 'OptionB', 'OptionA', 'OptionA', 'OptionA', 'OptionB', 'OptionB', 'OptionB', 'OptionB', 'OptionB']","[0, 2000, 0, 2000, 2000, 2000, 0, 2000, 2000, 0, 2000, 2000, 2000, 2000, 2000, 0, 2000, 2000, 2000, 2000, 0, 2000, 0, 0, 0, 2000, 2000, 2000, 2000, 2000]",[]
game_5,fr,True,30,30,False,agent1,LocalModel,coopératif,0,"['OptionB', 'OptionB', 'OptionB', 'OptionA', 'OptionA', 'OptionB', 'OptionB', 'OptionA', 'OptionB', 'OptionB', 'OptionB', 'OptionA', 'OptionB', 'OptionB', 'OptionB', 'OptionB', 'OptionB', 'OptionB', 'OptionB', 'OptionB', 'OptionA', 'OptionB', 'OptionB', 'OptionB', 'OptionB', 'OptionB', 'OptionB', 'OptionB', 'OptionB', 'OptionB']","[10000, 2000, 10000, 0, 0, 2000, 2000, 8000, 2000, 2000, 2000, 0, 2000, 10000, 10000, 2000, 2000, 2000, 2000, 10000, 0, 2000, 10000, 10000, 2000, 2000, 10000, 10000, 2000, 2000]",[],agent2,LocalModel,égoïste,0,"['OptionA', 'OptionB', 'OptionA', 'OptionB', 'OptionB', 'OptionB', 'OptionB', 'OptionA', 'OptionB', 'OptionB', 'OptionB', 'OptionB', 'OptionB', 'OptionA', 'OptionA', 'OptionB', 'OptionB', 'OptionB', 'OptionB', 'OptionA', 'OptionB', 'OptionB', 'OptionA', 'OptionA', 'OptionB', 'OptionB', 'OptionA', 'OptionA', 'OptionB', 'OptionB']","[0, 2000, 0, 10000, 10000, 2000, 2000, 8000, 2000, 2000, 2000, 10000, 2000, 0, 0, 2000, 2000, 2000, 2000, 0, 10000, 2000, 0, 0, 2000, 2000, 0, 0, 2000, 2000]",[]
game_6,fr,True,30,30,False,agent1,LocalModel,égoïste,0,"['OptionB', 'OptionA', 'OptionA', 'OptionB', 'OptionA', 'OptionA', 'OptionB', 'OptionA', 'OptionA', 'OptionB', 'OptionB', 'OptionA', 'OptionB', 'OptionA', 'OptionA', 'OptionB', 'OptionB', 'OptionB', 'OptionB', 'OptionA', 'OptionA', 'OptionB', 'OptionB', 'OptionB', 'OptionA', 'OptionA', 'OptionA', 'OptionB', 'OptionB', 'OptionB']","[2000, 0, 0, 10000, 0, 8000, 2000, 8000, 0, 10000, 2000, 0, 2000, 0, 0, 2000, 2000, 2000, 2000, 0, 0, 2000, 2000, 10000, 0, 0, 0, 2000, 2000, 2000]",[],agent2,LocalModel,coopératif,0,"['OptionB', 'OptionB', 'OptionB', 'OptionA', 'OptionB', 'OptionA', 'OptionB', 'OptionA', 'OptionB', 'OptionA', 'OptionB', 'OptionB', 'OptionB', 'OptionB', 'OptionB', 'OptionB', 'OptionB', 'OptionB', 'OptionB', 'OptionB', 'OptionB', 'OptionB', 'OptionB', 'OptionA', 'OptionB', 'OptionB', 'OptionB', 'OptionB', 'OptionB', 'OptionB']","[2000, 10000, 10000, 0, 10000, 8000, 2000, 8000, 10000, 0, 2000, 10000, 2000, 10000, 10000, 2000, 2000, 2000, 2000, 10000, 10000, 2000, 2000, 0, 10000, 10000, 10000, 2000, 2000, 2000]",[]
game_7,fr,True,30,30,False,agent1,LocalModel,égoïste,0,"['OptionA', 'OptionA', 'OptionB', 'OptionB', 'OptionB', 'OptionB', 'OptionB', 'OptionA', 'OptionA', 'OptionA', 'OptionA', 'OptionB', 'OptionB', 'OptionA', 'OptionA', 'OptionB', 'OptionB', 'OptionB', 'OptionA', 'OptionB', 'OptionA', 'OptionA', 'OptionB', 'OptionB', 'OptionB', 'OptionB', 'OptionA', 'OptionB', 'OptionB', 'OptionB']","[0, 0, 2000, 2000, 2000, 2000, 2000, 8000, 0, 0, 0, 2000, 2000, 8000, 0, 2000, 10000, 10000, 8000, 10000, 0, 0, 10000, 2000, 2000, 2000, 0, 10000, 10000, 2000]",[],agent2,LocalModel,égoïste,0,"['OptionB', 'OptionB', 'OptionB', 'OptionB', 'OptionB', 'OptionB', 'OptionB', 'OptionA', 'OptionB', 'OptionB', 'OptionB', 'OptionB', 'OptionB', 'OptionA', 'OptionB', 'OptionB', 'OptionA', 'OptionA', 'OptionA', 'OptionA', 'OptionB', 'OptionB', 'OptionA', 'OptionB', 'OptionB', 'OptionB', 'OptionB', 'OptionA', 'OptionA', 'OptionB']","[10000, 10000, 2000, 2000, 2000, 2000, 2000, 8000, 10000, 10000, 10000, 2000, 2000, 8000, 10000, 2000, 0, 0, 8000, 0, 10000, 10000, 0, 2000, 2000, 2000, 10000, 0, 0, 2000]",[]
game_24,fr,True,30,30,False,agent1,LocalModel,coopératif,0,"['OptionA', 'OptionA', 'OptionB', 'OptionB', 'OptionB', 'OptionB', 'OptionB', 'OptionB', 'OptionB', 'OptionB', 'OptionB', 'OptionB', 'OptionB', 'OptionB', 'OptionB', 'OptionB', 'OptionB', 'OptionB', 'OptionB', 'OptionB', 'OptionB', 'OptionB', 'OptionB', 'OptionB', 'OptionB', 'OptionB', 'OptionB', 'OptionB', 'OptionB', 'OptionB']","[0, 0, 10000, 2000, 2000, 2000, 2000, 2000, 2000, 2000, 2000, 2000, 2000, 2000, 2000, 2000, 2000, 2000, 2000, 2000, 2000, 2000, 2000, 2000, 2000, 2000, 2000, 2000, 2000, 2000]",[],agent2,LocalModel,coopératif,0,"['OptionB', 'OptionB', 'OptionA', 'OptionB', 'OptionB', 'OptionB', 'OptionB', 'OptionB', 'OptionB', 'OptionB', 'OptionB', 'OptionB', 'OptionB', 'OptionB', 'OptionB', 'OptionB', 'OptionB', 'OptionB', 'OptionB', 'OptionB', 'OptionB', 'OptionB', 'OptionB', 'OptionB', 'OptionB', 'OptionB', 'OptionB', 'OptionB', 'OptionB', 'OptionB']","[10000, 10000, 0, 2000, 2000, 2000, 2000, 2000, 2000, 2000, 2000, 2000, 2000, 2000, 2000, 2000, 2000, 2000, 2000, 2000, 2000, 2000, 2000, 2000, 2000, 2000, 2000, 2000, 2000, 2000]",[]
game_25,fr,True,30,30,False,agent1,LocalModel,coopératif,0,"['OptionB', 'OptionB', 'OptionB', 'OptionB', 'OptionB', 'OptionB', 'OptionB', 'OptionB', 'OptionB', 'OptionB', 'OptionB', 'OptionA', 'OptionB', 'OptionB', 'OptionB', 'OptionB', 'OptionB', 'OptionB', 'OptionA', 'OptionB', 'OptionB', 'OptionB', 'OptionB', 'OptionB', 'OptionB', 'OptionB', 'OptionB', 'OptionB', 'OptionA', 'OptionB']","[10000, 10000, 10000, 2000, 10000, 2000, 2000, 2000, 2000, 10000, 2000, 8000, 10000, 2000, 2000, 10000, 2000, 2000, 0, 2000, 2000, 2000, 10000, 10000, 2000, 2000, 2000, 2000, 0, 2000]",[],agent2,LocalModel,égoïste,0,"['OptionA', 'OptionA', 'OptionA', 'OptionB', 'OptionA', 'OptionB', 'OptionB', 'OptionB', 'OptionB', 'OptionA', 'OptionB', 'OptionA', 'OptionA', 'OptionB', 'OptionB', 'OptionA', 'OptionB', 'OptionB', 'OptionB', 'OptionB', 'OptionB', 'OptionB', 'OptionA', 'OptionA', 'OptionB', 'OptionB', 'OptionB', 'OptionB', 'OptionB', 'OptionB']","[0, 0, 0, 2000, 0, 2000, 2000, 2000, 2000, 0, 2000, 8000, 0, 2000, 2000, 0, 2000, 2000, 10000, 2000, 2000, 2000, 0, 0, 2000, 2000, 2000, 2000, 10000, 2000]",[]
game_26,fr,True,30,30,False,agent1,LocalModel,égoïste,0,"['OptionB', 'OptionB', 'OptionB', 'OptionB', 'OptionB', 'OptionA', 'OptionA', 'OptionB', 'OptionB', 'OptionA', 'OptionA', 'OptionB', 'OptionA', 'OptionB', 'OptionB', 'OptionB', 'OptionB', 'OptionA', 'OptionA', 'OptionA', 'OptionB', 'OptionA', 'OptionA', 'OptionB', 'OptionB', 'OptionB', 'OptionB', 'OptionB', 'OptionB', 'OptionB']","[2000, 2000, 2000, 10000, 2000, 0, 0, 2000, 2000, 0, 0, 2000, 0, 2000, 2000, 2000, 10000, 0, 0, 0, 10000, 0, 0, 2000, 10000, 2000, 2000, 2000, 2000, 2000]",[],agent2,LocalModel,coopératif,0,"['OptionB', 'OptionB', 'OptionB', 'OptionA', 'OptionB', 'OptionB', 'OptionB', 'OptionB', 'OptionB', 'OptionB', 'OptionB', 'OptionB', 'OptionB', 'OptionB', 'OptionB', 'OptionB', 'OptionA', 'OptionB', 'OptionB', 'OptionB', 'OptionA', 'OptionB', 'OptionB', 'OptionB', 'OptionA', 'OptionB', 'OptionB', 'OptionB', 'OptionB', 'OptionB']","[2000, 2000, 2000, 0, 2000, 10000, 10000, 2000, 2000, 10000, 10000, 2000, 10000, 2000, 2000, 2000, 0, 10000, 10000, 10000, 0, 10000, 10000, 2000, 0, 2000, 2000, 2000, 2000, 2000]",[]
game_27,fr,True,30,30,False,agent1,LocalModel,égoïste,0,"['OptionA', 'OptionB', 'OptionA', 'OptionA', 'OptionB', 'OptionB', 'OptionB', 'OptionB', 'OptionB', 'OptionB', 'OptionB', 'OptionA', 'OptionA', 'OptionA', 'OptionA', 'OptionA', 'OptionB', 'OptionB', 'OptionB', 'OptionB', 'OptionB', 'OptionB', 'OptionA', 'OptionA', 'OptionB', 'OptionB', 'OptionA', 'OptionA', 'OptionA', 'OptionB']","[0, 10000, 0, 8000, 10000, 10000, 2000, 10000, 2000, 2000, 2000, 8000, 0, 8000, 0, 0, 2000, 10000, 2000, 2000, 10000, 10000, 8000, 0, 10000, 2000, 0, 8000, 0, 2000]",[],agent2,LocalModel,égoïste,0,"['OptionB', 'OptionA', 'OptionB', 'OptionA', 'OptionA', 'OptionA', 'OptionB', 'OptionA', 'OptionB', 'OptionB', 'OptionB', 'OptionA', 'OptionB', 'OptionA', 'OptionB', 'OptionB', 'OptionB', 'OptionA', 'OptionB', 'OptionB', 'OptionA', 'OptionA', 'OptionA', 'OptionB', 'OptionA', 'OptionB', 'OptionB', 'OptionA', 'OptionB', 'OptionB']","[10000, 0, 10000, 8000, 0, 0, 2000, 0, 2000, 2000, 2000, 8000, 10000, 8000, 10000, 10000, 2000, 0, 2000, 2000, 0, 0, 8000, 10000, 0, 2000, 10000, 8000, 10000, 2000]",[]
game_44,fr,True,30,30,False,agent1,LocalModel,coopératif,0,"['OptionB', 'OptionB', 'OptionB', 'OptionB', 'OptionB', 'OptionB', 'OptionB', 'OptionB', 'OptionB', 'OptionB', 'OptionB', 'OptionB', 'OptionB', 'OptionB', 'OptionB', 'OptionA', 'OptionB', 'OptionB', 'OptionB', 'OptionB', 'OptionA', 'OptionB', 'OptionB', 'OptionB', 'OptionB', 'OptionB', 'OptionB', 'OptionB', 'OptionA', 'OptionB']","[10000, 2000, 10000, 2000, 10000, 2000, 10000, 10000, 2000, 2000, 2000, 2000, 2000, 2000, 2000, 0, 2000, 2000, 2000, 2000, 0, 2000, 2000, 2000, 2000, 2000, 2000, 2000, 0, 2000]",[],agent2,LocalModel,coopératif,0,"['OptionA', 'OptionB', 'OptionA', 'OptionB', 'OptionA', 'OptionB', 'OptionA', 'OptionA', 'OptionB', 'OptionB', 'OptionB', 'OptionB', 'OptionB', 'OptionB', 'OptionB', 'OptionB', 'OptionB', 'OptionB', 'OptionB', 'OptionB', 'OptionB', 'OptionB', 'OptionB', 'OptionB', 'OptionB', 'OptionB', 'OptionB', 'OptionB', 'OptionB', 'OptionB']","[0, 2000, 0, 2000, 0, 2000, 0, 0, 2000, 2000, 2000, 2000, 2000, 2000, 2000, 10000, 2000, 2000, 2000, 2000, 10000, 2000, 2000, 2000, 2000, 2000, 2000, 2000, 10000, 2000]",[]
game_45,fr,True,30,30,False,agent1,LocalModel,coopératif,0,"['OptionB', 'OptionB', 'OptionB', 'OptionB', 'OptionB', 'OptionB', 'OptionB', 'OptionB', 'OptionB', 'OptionB', 'OptionB', 'OptionB', 'OptionB', 'OptionB', 'OptionB', 'OptionB', 'OptionB', 'OptionB', 'OptionB', 'OptionB', 'OptionB', 'OptionB', 'OptionB', 'OptionB', 'OptionB', 'OptionB', 'OptionB', 'OptionB', 'OptionB', 'OptionB']","[10000, 2000, 10000, 10000, 10000, 2000, 2000, 10000, 10000, 10000, 2000, 10000, 10000, 2000, 2000, 10000, 10000, 2000, 2000, 2000, 10000, 2000, 10000, 2000, 2000, 2000, 10000, 2000, 2000, 10000]",[],agent2,LocalModel,égoïste,0,"['OptionA', 'OptionB', 'OptionA', 'OptionA', 'OptionA', 'OptionB', 'OptionB', 'OptionA', 'OptionA', 'OptionA', 'OptionB', 'OptionA', 'OptionA', 'OptionB', 'OptionB', 'OptionA', 'OptionA', 'OptionB', 'OptionB', 'OptionB', 'OptionA', 'OptionB', 'OptionA', 'OptionB', 'OptionB', 'OptionB', 'OptionA', 'OptionB', 'OptionB', 'OptionA']","[0, 2000, 0, 0, 0, 2000, 2000, 0, 0, 0, 2000, 0, 0, 2000, 2000, 0, 0, 2000, 2000, 2000, 0, 2000, 0, 2000, 2000, 2000, 0, 2000, 2000, 0]",[]
game_46,fr,True,30,30,False,agent1,LocalModel,égoïste,0,"['OptionA', 'OptionA', 'OptionA', 'OptionA', 'OptionB', 'OptionB', 'OptionB', 'OptionB', 'OptionA', 'OptionB', 'OptionB', 'OptionA', 'OptionB', 'OptionA', 'OptionA', 'OptionA', 'OptionA', 'OptionA', 'OptionB', 'OptionB', 'OptionB', 'OptionB', 'OptionA', 'OptionA', 'OptionA', 'OptionB', 'OptionB', 'OptionB', 'OptionA', 'OptionA']","[0, 0, 0, 0, 2000, 2000, 10000, 2000, 0, 2000, 10000, 0, 2000, 0, 0, 0, 0, 0, 2000, 2000, 2000, 2000, 0, 0, 0, 2000, 2000, 10000, 8000, 0]",[],agent2,LocalModel,coopératif,0,"['OptionB', 'OptionB', 'OptionB', 'OptionB', 'OptionB', 'OptionB', 'OptionA', 'OptionB', 'OptionB', 'OptionB', 'OptionA', 'OptionB', 'OptionB', 'OptionB', 'OptionB', 'OptionB', 'OptionB', 'OptionB', 'OptionB', 'OptionB', 'OptionB', 'OptionB', 'OptionB', 'OptionB', 'OptionB', 'OptionB', 'OptionB', 'OptionA', 'OptionA', 'OptionB']","[10000, 10000, 10000, 10000, 2000, 2000, 0, 2000, 10000, 2000, 0, 10000, 2000, 10000, 10000, 10000, 10000, 10000, 2000, 2000, 2000, 2000, 10000, 10000, 10000, 2000, 2000, 0, 8000, 10000]",[]
game_47,fr,True,30,30,False,agent1,LocalModel,égoïste,0,"['OptionB', 'OptionB', 'OptionA', 'OptionA', 'OptionB', 'OptionB', 'OptionB', 'OptionB', 'OptionB', 'OptionA', 'OptionB', 'OptionB', 'OptionB', 'OptionA', 'OptionB', 'OptionA', 'OptionB', 'OptionB', 'OptionA', 'OptionB', 'OptionB', 'OptionB', 'OptionB', 'OptionB', 'OptionB', 'OptionB', 'OptionB', 'OptionA', 'OptionB', 'OptionA']","[10000, 2000, 8000, 8000, 10000, 2000, 2000, 2000, 10000, 0, 2000, 2000, 2000, 0, 10000, 0, 2000, 2000, 8000, 10000, 2000, 10000, 10000, 2000, 2000, 2000, 2000, 8000, 10000, 8000]",[],agent2,LocalModel,égoïste,0,"['OptionA', 'OptionB', 'OptionA', 'OptionA', 'OptionA', 'OptionB', 'OptionB', 'OptionB', 'OptionA', 'OptionB', 'OptionB', 'OptionB', 'OptionB', 'OptionB', 'OptionA', 'OptionB', 'OptionB', 'OptionB', 'OptionA', 'OptionA', 'OptionB', 'OptionA', 'OptionA', 'OptionB', 'OptionB', 'OptionB', 'OptionB', 'OptionA', 'OptionA', 'OptionA']","[0, 2000, 8000, 8000, 0, 2000, 2000, 2000, 0, 10000, 2000, 2000, 2000, 10000, 0, 10000, 2000, 2000, 8000, 0, 2000, 0, 0, 2000, 2000, 2000, 2000, 8000, 0, 8000]",[]
game_64,fr,True,30,30,False,agent1,LocalModel,coopératif,0,"['OptionB', 'OptionB', 'OptionB', 'OptionB', 'OptionB', 'OptionB', 'OptionB', 'OptionB', 'OptionB', 'OptionB', 'OptionB', 'OptionB', 'OptionB', 'OptionB', 'OptionB', 'OptionA', 'OptionB', 'OptionB', 'OptionB', 'OptionB', 'OptionB', 'OptionB', 'OptionA', 'OptionA', 'OptionB', 'OptionB', 'OptionB', 'OptionB', 'OptionB', 'OptionB']","[2000, 2000, 2000, 2000, 2000, 2000, 2000, 2000, 2000, 2000, 2000, 2000, 2000, 2000, 2000, 0, 2000, 2000, 10000, 2000, 10000, 2000, 8000, 0, 2000, 10000, 2000, 2000, 2000, 10000]",[],agent2,LocalModel,coopératif,0,"['OptionB', 'OptionB', 'OptionB', 'OptionB', 'OptionB', 'OptionB', 'OptionB', 'OptionB', 'OptionB', 'OptionB', 'OptionB', 'OptionB', 'OptionB', 'OptionB', 'OptionB', 'OptionB', 'OptionB', 'OptionB', 'OptionA', 'OptionB', 'OptionA', 'OptionB', 'OptionA', 'OptionB', 'OptionB', 'OptionA', 'OptionB', 'OptionB', 'OptionB', 'OptionA']","[2000, 2000, 2000, 2000, 2000, 2000, 2000, 2000, 2000, 2000, 2000, 2000, 2000, 2000, 2000, 10000, 2000, 2000, 0, 2000, 0, 2000, 8000, 10000, 2000, 0, 2000, 2000, 2000, 0]",[]
game_65,fr,True,30,30,False,agent1,LocalModel,coopératif,0,"['OptionB', 'OptionB', 'OptionB', 'OptionB', 'OptionB', 'OptionB', 'OptionB', 'OptionB', 'OptionB', 'OptionB', 'OptionB', 'OptionA', 'OptionB', 'OptionA', 'OptionB', 'OptionB', 'OptionB', 'OptionB', 'OptionA', 'OptionB', 'OptionA', 'OptionA', 'OptionB', 'OptionB', 'OptionB', 'OptionB', 'OptionB', 'OptionB', 'OptionB', 'OptionB']","[10000, 2000, 2000, 2000, 2000, 10000, 2000, 2000, 2000, 2000, 2000, 0, 2000, 8000, 2000, 2000, 2000, 10000, 8000, 2000, 8000, 0, 2000, 2000, 2000, 2000, 2000, 2000, 10000, 2000]",[],agent2,LocalModel,égoïste,0,"['OptionA', 'OptionB', 'OptionB', 'OptionB', 'OptionB', 'OptionA', 'OptionB', 'OptionB', 'OptionB', 'OptionB', 'OptionB', 'OptionB', 'OptionB', 'OptionA', 'OptionB', 'OptionB', 'OptionB', 'OptionA', 'OptionA', 'OptionB', 'OptionA', 'OptionB', 'OptionB', 'OptionB', 'OptionB', 'OptionB', 'OptionB', 'OptionB', 'OptionA', 'OptionB']","[0, 2000, 2000, 2000, 2000, 0, 2000, 2000, 2000, 2000, 2000, 10000, 2000, 8000, 2000, 2000, 2000, 0, 8000, 2000, 8000, 10000, 2000, 2000, 2000, 2000, 2000, 2000, 0, 2000]",[]
game_66,fr,True,30,30,False,agent1,LocalModel,égoïste,0,"['OptionB', 'OptionA', 'OptionB', 'OptionB', 'OptionA', 'OptionA', 'OptionB', 'OptionA', 'OptionA', 'OptionB', 'OptionA', 'OptionB', 'OptionA', 'OptionA', 'OptionA', 'OptionA', 'OptionA', 'OptionA', 'OptionB', 'OptionA', 'OptionA', 'OptionB', 'OptionB', 'OptionA', 'OptionA', 'OptionA', 'OptionA', 'OptionA', 'OptionB', 'OptionA']","[10000, 8000, 10000, 2000, 0, 0, 10000, 0, 0, 2000, 0, 2000, 0, 0, 0, 0, 0, 0, 2000, 0, 0, 2000, 2000, 0, 0, 0, 0, 0, 2000, 0]",[],agent2,LocalModel,coopératif,0,"['OptionA', 'OptionA', 'OptionA', 'OptionB', 'OptionB', 'OptionB', 'OptionA', 'OptionB', 'OptionB', 'OptionB', 'OptionB', 'OptionB', 'OptionB', 'OptionB', 'OptionB', 'OptionB', 'OptionB', 'OptionB', 'OptionB', 'OptionB', 'OptionB', 'OptionB', 'OptionB', 'OptionB', 'OptionB', 'OptionB', 'OptionB', 'OptionB', 'OptionB', 'OptionB']","[0, 8000, 0, 2000, 10000, 10000, 0, 10000, 10000, 2000, 10000, 2000, 10000, 10000, 10000, 10000, 10000, 10000, 2000, 10000, 10000, 2000, 2000, 10000, 10000, 10000, 10000, 10000, 2000, 10000]",[]
game_67,fr,True,30,30,False,agent1,LocalModel,égoïste,0,"['OptionA', 'OptionB', 'OptionA', 'OptionA', 'OptionA', 'OptionA', 'OptionB', 'OptionA', 'OptionB', 'OptionB', 'OptionB', 'OptionB', 'OptionB', 'OptionB', 'OptionB', 'OptionB', 'OptionB', 'OptionB', 'OptionB', 'OptionB', 'OptionB', 'OptionB', 'OptionB', 'OptionA', 'OptionB', 'OptionB', 'OptionB', 'OptionA', 'OptionA', 'OptionB']","[8000, 2000, 0, 0, 8000, 0, 2000, 0, 2000, 2000, 2000, 2000, 10000, 2000, 2000, 2000, 2000, 2000, 10000, 2000, 2000, 2000, 2000, 0, 2000, 2000, 2000, 8000, 0, 2000]",[],agent2,LocalModel,égoïste,0,"['OptionA', 'OptionB', 'OptionB', 'OptionB', 'OptionA', 'OptionB', 'OptionB', 'OptionB', 'OptionB', 'OptionB', 'OptionB', 'OptionB', 'OptionA', 'OptionB', 'OptionB', 'OptionB', 'OptionB', 'OptionB', 'OptionA', 'OptionB', 'OptionB', 'OptionB', 'OptionB', 'OptionB', 'OptionB', 'OptionB', 'OptionB', 'OptionA', 'OptionB', 'OptionB']","[8000, 2000, 10000, 10000, 8000, 10000, 2000, 10000, 2000, 2000, 2000, 2000, 0, 2000, 2000, 2000, 2000, 2000, 0, 2000, 2000, 2000, 2000, 10000, 2000, 2000, 2000, 8000, 10000, 2000]",[]
game_84,fr,True,30,30,False,agent1,LocalModel,coopératif,0,"['OptionA', 'OptionB', 'OptionB', 'OptionB', 'OptionB', 'OptionB', 'OptionB', 'OptionB', 'OptionB', 'OptionB', 'OptionB', 'OptionB', 'OptionB', 'OptionB', 'OptionB', 'OptionB', 'OptionB', 'OptionB', 'OptionB', 'OptionB', 'OptionB', 'OptionB', 'OptionB', 'OptionB', 'OptionB', 'OptionB', 'OptionB', 'OptionB', 'OptionB', 'OptionB']","[8000, 2000, 2000, 2000, 2000, 2000, 2000, 2000, 2000, 2000, 2000, 2000, 2000, 2000, 2000, 2000, 2000, 2000, 2000, 2000, 2000, 2000, 2000, 2000, 2000, 2000, 2000, 2000, 2000, 2000]",[],agent2,LocalModel,coopératif,0,"['OptionA', 'OptionB', 'OptionB', 'OptionB', 'OptionB', 'OptionB', 'OptionB', 'OptionB', 'OptionB', 'OptionB', 'OptionB', 'OptionB', 'OptionB', 'OptionB', 'OptionB', 'OptionB', 'OptionB', 'OptionB', 'OptionB', 'OptionB', 'OptionB', 'OptionB', 'OptionB', 'OptionB', 'OptionB', 'OptionB', 'OptionB', 'OptionB', 'OptionB', 'OptionB']","[8000, 2000, 2000, 2000, 2000, 2000, 2000, 2000, 2000, 2000, 2000, 2000, 2000, 2000, 2000, 2000, 2000, 2000, 2000, 2000, 2000, 2000, 2000, 2000, 2000, 2000, 2000, 2000, 2000, 2000]",[]
game_85,fr,True,30,30,False,agent1,LocalModel,coopératif,0,"['OptionB', 'OptionB', 'OptionB', 'OptionA', 'OptionB', 'OptionB', 'OptionB', 'OptionB', 'OptionB', 'OptionB', 'OptionB', 'OptionB', 'OptionB', 'OptionB', 'OptionB', 'OptionB', 'OptionB', 'OptionB', 'OptionA', 'OptionB', 'OptionB', 'OptionB', 'OptionB', 'OptionB', 'OptionB', 'OptionA', 'OptionB', 'OptionA', 'OptionB', 'OptionB']","[10000, 2000, 2000, 8000, 2000, 10000, 2000, 10000, 2000, 2000, 10000, 2000, 10000, 2000, 10000, 2000, 2000, 2000, 0, 10000, 2000, 10000, 2000, 2000, 2000, 8000, 2000, 0, 10000, 2000]",[],agent2,LocalModel,égoïste,0,"['OptionA', 'OptionB', 'OptionB', 'OptionA', 'OptionB', 'OptionA', 'OptionB', 'OptionA', 'OptionB', 'OptionB', 'OptionA', 'OptionB', 'OptionA', 'OptionB', 'OptionA', 'OptionB', 'OptionB', 'OptionB', 'OptionB', 'OptionA', 'OptionB', 'OptionA', 'OptionB', 'OptionB', 'OptionB', 'OptionA', 'OptionB', 'OptionB', 'OptionA', 'OptionB']","[0, 2000, 2000, 8000, 2000, 0, 2000, 0, 2000, 2000, 0, 2000, 0, 2000, 0, 2000, 2000, 2000, 10000, 0, 2000, 0, 2000, 2000, 2000, 8000, 2000, 10000, 0, 2000]",[]
game_86,fr,True,30,30,False,agent1,LocalModel,égoïste,0,"['OptionB', 'OptionB', 'OptionA', 'OptionA', 'OptionA', 'OptionB', 'OptionB', 'OptionA', 'OptionB', 'OptionB', 'OptionA', 'OptionA', 'OptionA', 'OptionA', 'OptionA', 'OptionA', 'OptionB', 'OptionB', 'OptionB', 'OptionB', 'OptionA', 'OptionA', 'OptionA', 'OptionB', 'OptionA', 'OptionB', 'OptionB', 'OptionA', 'OptionA', 'OptionA']","[2000, 10000, 8000, 0, 8000, 10000, 2000, 0, 10000, 2000, 0, 0, 8000, 0, 8000, 0, 2000, 2000, 2000, 10000, 0, 0, 0, 10000, 0, 2000, 2000, 0, 8000, 0]",[],agent2,LocalModel,coopératif,0,"['OptionB', 'OptionA', 'OptionA', 'OptionB', 'OptionA', 'OptionA', 'OptionB', 'OptionB', 'OptionA', 'OptionB', 'OptionB', 'OptionB', 'OptionA', 'OptionB', 'OptionA', 'OptionB', 'OptionB', 'OptionB', 'OptionB', 'OptionA', 'OptionB', 'OptionB', 'OptionB', 'OptionA', 'OptionB', 'OptionB', 'OptionB', 'OptionB', 'OptionA', 'OptionB']","[2000, 0, 8000, 10000, 8000, 0, 2000, 10000, 0, 2000, 10000, 10000, 8000, 10000, 8000, 10000, 2000, 2000, 2000, 0, 10000, 10000, 10000, 0, 10000, 2000, 2000, 10000, 8000, 10000]",[]
game_87,fr,True,30,30,False,agent1,LocalModel,égoïste,0,"['OptionB', 'OptionB', 'OptionA', 'OptionB', 'OptionA', 'OptionA', 'OptionA', 'OptionA', 'OptionA', 'OptionB', 'OptionA', 'OptionA', 'OptionB', 'OptionB', 'OptionA', 'OptionA', 'OptionB', 'OptionA', 'OptionA', 'OptionB', 'OptionA', 'OptionA', 'OptionA', 'OptionA', 'OptionA', 'OptionA', 'OptionB', 'OptionA', 'OptionA', 'OptionB']","[2000, 10000, 0, 10000, 0, 0, 8000, 0, 0, 2000, 8000, 8000, 10000, 2000, 8000, 8000, 10000, 8000, 8000, 2000, 0, 0, 0, 0, 8000, 8000, 10000, 0, 8000, 10000]",[],agent2,LocalModel,égoïste,0,"['OptionB', 'OptionA', 'OptionB', 'OptionA', 'OptionB', 'OptionB', 'OptionA', 'OptionB', 'OptionB', 'OptionB', 'OptionA', 'OptionA', 'OptionA', 'OptionB', 'OptionA', 'OptionA', 'OptionA', 'OptionA', 'OptionA', 'OptionB', 'OptionB', 'OptionB', 'OptionB', 'OptionB', 'OptionA', 'OptionA', 'OptionA', 'OptionB', 'OptionA', 'OptionA']","[2000, 0, 10000, 0, 10000, 10000, 8000, 10000, 10000, 2000, 8000, 8000, 0, 2000, 8000, 8000, 0, 8000, 8000, 2000, 10000, 10000, 10000, 10000, 8000, 8000, 0, 10000, 8000, 0]",[]
game_104,fr,True,30,30,False,agent1,LocalModel,coopératif,0,"['OptionA', 'OptionB', 'OptionB', 'OptionB', 'OptionB', 'OptionB', 'OptionB', 'OptionB', 'OptionB', 'OptionB', 'OptionB', 'OptionA', 'OptionB', 'OptionB', 'OptionB', 'OptionB', 'OptionB', 'OptionB', 'OptionB', 'OptionB', 'OptionA', 'OptionB', 'OptionB', 'OptionA', 'OptionB', 'OptionB', 'OptionB', 'OptionB', 'OptionB', 'OptionB']","[0, 2000, 2000, 2000, 2000, 10000, 2000, 2000, 2000, 10000, 10000, 0, 2000, 2000, 2000, 2000, 2000, 2000, 2000, 2000, 0, 2000, 2000, 0, 2000, 2000, 10000, 2000, 2000, 10000]",[],agent2,LocalModel,coopératif,0,"['OptionB', 'OptionB', 'OptionB', 'OptionB', 'OptionB', 'OptionA', 'OptionB', 'OptionB', 'OptionB', 'OptionA', 'OptionA', 'OptionB', 'OptionB', 'OptionB', 'OptionB', 'OptionB', 'OptionB', 'OptionB', 'OptionB', 'OptionB', 'OptionB', 'OptionB', 'OptionB', 'OptionB', 'OptionB', 'OptionB', 'OptionA', 'OptionB', 'OptionB', 'OptionA']","[10000, 2000, 2000, 2000, 2000, 0, 2000, 2000, 2000, 0, 0, 10000, 2000, 2000, 2000, 2000, 2000, 2000, 2000, 2000, 10000, 2000, 2000, 10000, 2000, 2000, 0, 2000, 2000, 0]",[]
game_105,fr,True,30,30,False,agent1,LocalModel,coopératif,0,"['OptionB', 'OptionB', 'OptionA', 'OptionB', 'OptionB', 'OptionB', 'OptionB', 'OptionB', 'OptionB', 'OptionB', 'OptionB', 'OptionA', 'OptionB', 'OptionA', 'OptionB', 'OptionB', 'OptionB', 'OptionB', 'OptionB', 'OptionB', 'OptionB', 'OptionB', 'OptionB', 'OptionB', 'OptionB', 'OptionB', 'OptionA', 'OptionB', 'OptionB', 'OptionA']","[2000, 2000, 8000, 2000, 2000, 10000, 2000, 10000, 2000, 10000, 10000, 0, 2000, 8000, 2000, 2000, 2000, 2000, 2000, 10000, 10000, 2000, 2000, 2000, 10000, 2000, 8000, 10000, 2000, 0]",[],agent2,LocalModel,égoïste,0,"['OptionB', 'OptionB', 'OptionA', 'OptionB', 'OptionB', 'OptionA', 'OptionB', 'OptionA', 'OptionB', 'OptionA', 'OptionA', 'OptionB', 'OptionB', 'OptionA', 'OptionB', 'OptionB', 'OptionB', 'OptionB', 'OptionB', 'OptionA', 'OptionA', 'OptionB', 'OptionB', 'OptionB', 'OptionA', 'OptionB', 'OptionA', 'OptionA', 'OptionB', 'OptionB']","[2000, 2000, 8000, 2000, 2000, 0, 2000, 0, 2000, 0, 0, 10000, 2000, 8000, 2000, 2000, 2000, 2000, 2000, 0, 0, 2000, 2000, 2000, 0, 2000, 8000, 0, 2000, 10000]",[]
game_106,fr,True,30,30,False,agent1,LocalModel,égoïste,0,"['OptionB', 'OptionA', 'OptionA', 'OptionA', 'OptionA', 'OptionB', 'OptionA', 'OptionB', 'OptionB', 'OptionA', 'OptionB', 'OptionB', 'OptionA', 'OptionB', 'OptionB', 'OptionA', 'OptionB', 'OptionB', 'OptionB', 'OptionA', 'OptionB', 'OptionB', 'OptionB', 'OptionA', 'OptionA', 'OptionB', 'OptionB', 'OptionB', 'OptionB', 'OptionA']","[2000, 0, 0, 0, 8000, 2000, 0, 2000, 2000, 0, 2000, 10000, 0, 2000, 2000, 0, 2000, 2000, 2000, 0, 10000, 10000, 2000, 0, 0, 2000, 10000, 2000, 2000, 8000]",[],agent2,LocalModel,coopératif,0,"['OptionB', 'OptionB', 'OptionB', 'OptionB', 'OptionA', 'OptionB', 'OptionB', 'OptionB', 'OptionB', 'OptionB', 'OptionB', 'OptionA', 'OptionB', 'OptionB', 'OptionB', 'OptionB', 'OptionB', 'OptionB', 'OptionB', 'OptionB', 'OptionA', 'OptionA', 'OptionB', 'OptionB', 'OptionB', 'OptionB', 'OptionA', 'OptionB', 'OptionB', 'OptionA']","[2000, 10000, 10000, 10000, 8000, 2000, 10000, 2000, 2000, 10000, 2000, 0, 10000, 2000, 2000, 10000, 2000, 2000, 2000, 10000, 0, 0, 2000, 10000, 10000, 2000, 0, 2000, 2000, 8000]",[]
game_107,fr,True,30,30,False,agent1,LocalModel,égoïste,0,"['OptionB', 'OptionB', 'OptionB', 'OptionA', 'OptionA', 'OptionA', 'OptionA', 'OptionB', 'OptionA', 'OptionA', 'OptionA', 'OptionB', 'OptionB', 'OptionB', 'OptionA', 'OptionA', 'OptionB', 'OptionA', 'OptionA', 'OptionA', 'OptionB', 'OptionA', 'OptionA', 'OptionA', 'OptionA', 'OptionB', 'OptionA', 'OptionB', 'OptionA', 'OptionB']","[2000, 10000, 10000, 8000, 0, 0, 0, 2000, 8000, 0, 0, 2000, 10000, 2000, 0, 0, 2000, 0, 0, 8000, 10000, 0, 0, 8000, 8000, 10000, 0, 10000, 8000, 10000]",[],agent2,LocalModel,égoïste,0,"['OptionB', 'OptionA', 'OptionA', 'OptionA', 'OptionB', 'OptionB', 'OptionB', 'OptionB', 'OptionA', 'OptionB', 'OptionB', 'OptionB', 'OptionA', 'OptionB', 'OptionB', 'OptionB', 'OptionB', 'OptionB', 'OptionB', 'OptionA', 'OptionA', 'OptionB', 'OptionB', 'OptionA', 'OptionA', 'OptionA', 'OptionB', 'OptionA', 'OptionA', 'OptionA']","[2000, 0, 0, 8000, 10000, 10000, 10000, 2000, 8000, 10000, 10000, 2000, 0, 2000, 10000, 10000, 2000, 10000, 10000, 8000, 0, 10000, 10000, 8000, 8000, 0, 10000, 0, 8000, 0]",[]
game_124,fr,True,30,30,False,agent1,LocalModel,coopératif,0,"['OptionB', 'OptionA', 'OptionA', 'OptionB', 'OptionB', 'OptionB', 'OptionB', 'OptionB', 'OptionB', 'OptionA', 'OptionB', 'OptionB', 'OptionB', 'OptionB', 'OptionB', 'OptionB', 'OptionB', 'OptionB', 'OptionB', 'OptionB', 'OptionB', 'OptionB', 'OptionB', 'OptionB', 'OptionB', 'OptionB', 'OptionB', 'OptionB', 'OptionB', 'OptionB']","[2000, 0, 0, 10000, 2000, 2000, 2000, 2000, 2000, 0, 2000, 10000, 2000, 2000, 2000, 2000, 2000, 10000, 2000, 2000, 2000, 2000, 2000, 2000, 2000, 2000, 2000, 2000, 2000, 2000]",[],agent2,LocalModel,coopératif,0,"['OptionB', 'OptionB', 'OptionB', 'OptionA', 'OptionB', 'OptionB', 'OptionB', 'OptionB', 'OptionB', 'OptionB', 'OptionB', 'OptionA', 'OptionB', 'OptionB', 'OptionB', 'OptionB', 'OptionB', 'OptionA', 'OptionB', 'OptionB', 'OptionB', 'OptionB', 'OptionB', 'OptionB', 'OptionB', 'OptionB', 'OptionB', 'OptionB', 'OptionB', 'OptionB']","[2000, 10000, 10000, 0, 2000, 2000, 2000, 2000, 2000, 10000, 2000, 0, 2000, 2000, 2000, 2000, 2000, 0, 2000, 2000, 2000, 2000, 2000, 2000, 2000, 2000, 2000, 2000, 2000, 2000]",[]
game_125,fr,True,30,30,False,agent1,LocalModel,coopératif,0,"['OptionB', 'OptionA', 'OptionB', 'OptionB', 'OptionB', 'OptionB', 'OptionA', 'OptionB', 'OptionA', 'OptionB', 'OptionB', 'OptionB', 'OptionB', 'OptionB', 'OptionB', 'OptionB', 'OptionA', 'OptionB', 'OptionB', 'OptionA', 'OptionB', 'OptionA', 'OptionA', 'OptionB', 'OptionB', 'OptionB', 'OptionB', 'OptionB', 'OptionB', 'OptionB']","[2000, 0, 10000, 10000, 10000, 10000, 0, 2000, 0, 10000, 10000, 2000, 10000, 10000, 10000, 10000, 0, 10000, 2000, 0, 10000, 8000, 0, 10000, 2000, 2000, 10000, 2000, 2000, 2000]",[],agent2,LocalModel,égoïste,0,"['OptionB', 'OptionB', 'OptionA', 'OptionA', 'OptionA', 'OptionA', 'OptionB', 'OptionB', 'OptionB', 'OptionA', 'OptionA', 'OptionB', 'OptionA', 'OptionA', 'OptionA', 'OptionA', 'OptionB', 'OptionA', 'OptionB', 'OptionB', 'OptionA', 'OptionA', 'OptionB', 'OptionA', 'OptionB', 'OptionB', 'OptionA', 'OptionB', 'OptionB', 'OptionB']","[2000, 10000, 0, 0, 0, 0, 10000, 2000, 10000, 0, 0, 2000, 0, 0, 0, 0, 10000, 0, 2000, 10000, 0, 8000, 10000, 0, 2000, 2000, 0, 2000, 2000, 2000]",[]
game_126,fr,True,30,30,False,agent1,LocalModel,égoïste,0,"['OptionA', 'OptionB', 'OptionB', 'OptionB', 'OptionA', 'OptionB', 'OptionA', 'OptionB', 'OptionA', 'OptionB', 'OptionB', 'OptionA', 'OptionB', 'OptionB', 'OptionB', 'OptionB', 'OptionA', 'OptionB', 'OptionB', 'OptionA', 'OptionA', 'OptionA', 'OptionA', 'OptionA', 'OptionA', 'OptionB', 'OptionA', 'OptionA', 'OptionB', 'OptionA']","[0, 2000, 2000, 2000, 0, 2000, 0, 2000, 0, 2000, 2000, 0, 2000, 2000, 2000, 2000, 0, 2000, 2000, 0, 0, 0, 8000, 0, 0, 2000, 0, 0, 2000, 0]",[],agent2,LocalModel,coopératif,0,"['OptionB', 'OptionB', 'OptionB', 'OptionB', 'OptionB', 'OptionB', 'OptionB', 'OptionB', 'OptionB', 'OptionB', 'OptionB', 'OptionB', 'OptionB', 'OptionB', 'OptionB', 'OptionB', 'OptionB', 'OptionB', 'OptionB', 'OptionB', 'OptionB', 'OptionB', 'OptionA', 'OptionB', 'OptionB', 'OptionB', 'OptionB', 'OptionB', 'OptionB', 'OptionB']","[10000, 2000, 2000, 2000, 10000, 2000, 10000, 2000, 10000, 2000, 2000, 10000, 2000, 2000, 2000, 2000, 10000, 2000, 2000, 10000, 10000, 10000, 8000, 10000, 10000, 2000, 10000, 10000, 2000, 10000]",[]
game_127,fr,True,30,30,False,agent1,LocalModel,égoïste,0,"['OptionA', 'OptionB', 'OptionA', 'OptionA', 'OptionB', 'OptionB', 'OptionB', 'OptionA', 'OptionA', 'OptionB', 'OptionA', 'OptionB', 'OptionB', 'OptionB', 'OptionB', 'OptionB', 'OptionA', 'OptionB', 'OptionB', 'OptionA', 'OptionB', 'OptionA', 'OptionB', 'OptionA', 'OptionB', 'OptionA', 'OptionB', 'OptionA', 'OptionB', 'OptionB']","[8000, 2000, 8000, 0, 10000, 2000, 2000, 0, 0, 2000, 0, 10000, 10000, 2000, 10000, 2000, 0, 2000, 2000, 0, 2000, 0, 10000, 8000, 2000, 0, 2000, 8000, 2000, 10000]",[],agent2,LocalModel,égoïste,0,"['OptionA', 'OptionB', 'OptionA', 'OptionB', 'OptionA', 'OptionB', 'OptionB', 'OptionB', 'OptionB', 'OptionB', 'OptionB', 'OptionA', 'OptionA', 'OptionB', 'OptionA', 'OptionB', 'OptionB', 'OptionB', 'OptionB', 'OptionB', 'OptionB', 'OptionB', 'OptionA', 'OptionA', 'OptionB', 'OptionB', 'OptionB', 'OptionA', 'OptionB', 'OptionA']","[8000, 2000, 8000, 10000, 0, 2000, 2000, 10000, 10000, 2000, 10000, 0, 0, 2000, 0, 2000, 10000, 2000, 2000, 10000, 2000, 10000, 0, 8000, 2000, 10000, 2000, 8000, 2000, 0]",[]
game_144,fr,True,30,30,False,agent1,LocalModel,coopératif,0,"['OptionB', 'OptionB', 'OptionB', 'OptionB', 'OptionB', 'OptionB', 'OptionB', 'OptionB', 'OptionB', 'OptionB', 'OptionB', 'OptionB', 'OptionA', 'OptionB', 'OptionA', 'OptionB', 'OptionB', 'OptionB', 'OptionB', 'OptionB', 'OptionB', 'OptionB', 'OptionB', 'OptionB', 'OptionB', 'OptionB', 'OptionB', 'OptionB', 'OptionA', 'OptionB']","[2000, 2000, 2000, 2000, 2000, 2000, 10000, 10000, 2000, 2000, 2000, 10000, 0, 2000, 0, 2000, 10000, 2000, 2000, 2000, 2000, 2000, 2000, 2000, 2000, 2000, 2000, 2000, 0, 2000]",[],agent2,LocalModel,coopératif,0,"['OptionB', 'OptionB', 'OptionB', 'OptionB', 'OptionB', 'OptionB', 'OptionA', 'OptionA', 'OptionB', 'OptionB', 'OptionB', 'OptionA', 'OptionB', 'OptionB', 'OptionB', 'OptionB', 'OptionA', 'OptionB', 'OptionB', 'OptionB', 'OptionB', 'OptionB', 'OptionB', 'OptionB', 'OptionB', 'OptionB', 'OptionB', 'OptionB', 'OptionB', 'OptionB']","[2000, 2000, 2000, 2000, 2000, 2000, 0, 0, 2000, 2000, 2000, 0, 10000, 2000, 10000, 2000, 0, 2000, 2000, 2000, 2000, 2000, 2000, 2000, 2000, 2000, 2000, 2000, 10000, 2000]",[]
game_145,fr,True,30,30,False,agent1,LocalModel,coopératif,0,"['OptionB', 'OptionB', 'OptionB', 'OptionB', 'OptionB', 'OptionB', 'OptionB', 'OptionB', 'OptionB', 'OptionB', 'OptionB', 'OptionB', 'OptionB', 'OptionB', 'OptionA', 'OptionB', 'OptionB', 'OptionA', 'OptionB', 'OptionB', 'OptionB', 'OptionB', 'OptionB', 'OptionB', 'OptionB', 'OptionB', 'OptionA', 'OptionB', 'OptionB', 'OptionB']","[10000, 10000, 10000, 2000, 2000, 2000, 2000, 10000, 2000, 10000, 2000, 10000, 2000, 2000, 8000, 2000, 2000, 0, 2000, 2000, 2000, 10000, 2000, 10000, 2000, 10000, 8000, 2000, 2000, 2000]",[],agent2,LocalModel,égoïste,0,"['OptionA', 'OptionA', 'OptionA', 'OptionB', 'OptionB', 'OptionB', 'OptionB', 'OptionA', 'OptionB', 'OptionA', 'OptionB', 'OptionA', 'OptionB', 'OptionB', 'OptionA', 'OptionB', 'OptionB', 'OptionB', 'OptionB', 'OptionB', 'OptionB', 'OptionA', 'OptionB', 'OptionA', 'OptionB', 'OptionA', 'OptionA', 'OptionB', 'OptionB', 'OptionB']","[0, 0, 0, 2000, 2000, 2000, 2000, 0, 2000, 0, 2000, 0, 2000, 2000, 8000, 2000, 2000, 10000, 2000, 2000, 2000, 0, 2000, 0, 2000, 0, 8000, 2000, 2000, 2000]",[]
game_146,fr,True,30,30,False,agent1,LocalModel,égoïste,0,"['OptionB', 'OptionB', 'OptionB', 'OptionB', 'OptionA', 'OptionA', 'OptionB', 'OptionA', 'OptionA', 'OptionA', 'OptionB', 'OptionB', 'OptionA', 'OptionB', 'OptionB', 'OptionA', 'OptionA', 'OptionB', 'OptionA', 'OptionA', 'OptionA', 'OptionA', 'OptionA', 'OptionB', 'OptionA', 'OptionA', 'OptionA', 'OptionA', 'OptionA', 'OptionB']","[2000, 2000, 2000, 2000, 0, 0, 2000, 0, 0, 0, 2000, 2000, 0, 2000, 2000, 0, 0, 2000, 0, 0, 0, 0, 0, 2000, 0, 0, 0, 0, 0, 2000]",[],agent2,LocalModel,coopératif,0,"['OptionB', 'OptionB', 'OptionB', 'OptionB', 'OptionB', 'OptionB', 'OptionB', 'OptionB', 'OptionB', 'OptionB', 'OptionB', 'OptionB', 'OptionB', 'OptionB', 'OptionB', 'OptionB', 'OptionB', 'OptionB', 'OptionB', 'OptionB', 'OptionB', 'OptionB', 'OptionB', 'OptionB', 'OptionB', 'OptionB', 'OptionB', 'OptionB', 'OptionB', 'OptionB']","[2000, 2000, 2000, 2000, 10000, 10000, 2000, 10000, 10000, 10000, 2000, 2000, 10000, 2000, 2000, 10000, 10000, 2000, 10000, 10000, 10000, 10000, 10000, 2000, 10000, 10000, 10000, 10000, 10000, 2000]",[]
game_147,fr,True,30,30,False,agent1,LocalModel,égoïste,0,"['OptionB', 'OptionB', 'OptionB', 'OptionB', 'OptionB', 'OptionB', 'OptionB', 'OptionB', 'OptionB', 'OptionA', 'OptionB', 'OptionA', 'OptionA', 'OptionA', 'OptionA', 'OptionB', 'OptionA', 'OptionA', 'OptionB', 'OptionB', 'OptionB', 'OptionB', 'OptionA', 'OptionA', 'OptionB', 'OptionB', 'OptionB', 'OptionA', 'OptionA', 'OptionB']","[10000, 2000, 10000, 10000, 10000, 2000, 10000, 10000, 2000, 0, 2000, 0, 0, 8000, 0, 10000, 8000, 0, 2000, 10000, 10000, 2000, 0, 8000, 2000, 2000, 10000, 0, 0, 2000]",[],agent2,LocalModel,égoïste,0,"['OptionA', 'OptionB', 'OptionA', 'OptionA', 'OptionA', 'OptionB', 'OptionA', 'OptionA', 'OptionB', 'OptionB', 'OptionB', 'OptionB', 'OptionB', 'OptionA', 'OptionB', 'OptionA', 'OptionA', 'OptionB', 'OptionB', 'OptionA', 'OptionA', 'OptionB', 'OptionB', 'OptionA', 'OptionB', 'OptionB', 'OptionA', 'OptionB', 'OptionB', 'OptionB']","[0, 2000, 0, 0, 0, 2000, 0, 0, 2000, 10000, 2000, 10000, 10000, 8000, 10000, 0, 8000, 10000, 2000, 0, 0, 2000, 10000, 8000, 2000, 2000, 0, 10000, 10000, 2000]",[]
game_164,fr,True,30,30,False,agent1,LocalModel,coopératif,0,"['OptionB', 'OptionB', 'OptionA', 'OptionA', 'OptionA', 'OptionB', 'OptionB', 'OptionA', 'OptionB', 'OptionB', 'OptionB', 'OptionB', 'OptionB', 'OptionB', 'OptionB', 'OptionA', 'OptionB', 'OptionB', 'OptionB', 'OptionB', 'OptionB', 'OptionB', 'OptionB', 'OptionB', 'OptionB', 'OptionB', 'OptionA', 'OptionB', 'OptionA', 'OptionB']","[2000, 2000, 0, 0, 0, 2000, 10000, 0, 2000, 2000, 2000, 2000, 2000, 2000, 2000, 0, 2000, 10000, 2000, 2000, 2000, 2000, 2000, 2000, 10000, 10000, 0, 2000, 0, 2000]",[],agent2,LocalModel,coopératif,0,"['OptionB', 'OptionB', 'OptionB', 'OptionB', 'OptionB', 'OptionB', 'OptionA', 'OptionB', 'OptionB', 'OptionB', 'OptionB', 'OptionB', 'OptionB', 'OptionB', 'OptionB', 'OptionB', 'OptionB', 'OptionA', 'OptionB', 'OptionB', 'OptionB', 'OptionB', 'OptionB', 'OptionB', 'OptionA', 'OptionA', 'OptionB', 'OptionB', 'OptionB', 'OptionB']","[2000, 2000, 10000, 10000, 10000, 2000, 0, 10000, 2000, 2000, 2000, 2000, 2000, 2000, 2000, 10000, 2000, 0, 2000, 2000, 2000, 2000, 2000, 2000, 0, 0, 10000, 2000, 10000, 2000]",[]
game_165,fr,True,30,30,False,agent1,LocalModel,coopératif,0,"['OptionB', 'OptionB', 'OptionB', 'OptionB', 'OptionB', 'OptionB', 'OptionB', 'OptionB', 'OptionA', 'OptionB', 'OptionB', 'OptionB', 'OptionA', 'OptionB', 'OptionB', 'OptionB', 'OptionB', 'OptionB', 'OptionB', 'OptionB', 'OptionB', 'OptionB', 'OptionB', 'OptionB', 'OptionB', 'OptionB', 'OptionB', 'OptionB', 'OptionB', 'OptionB']","[2000, 2000, 10000, 10000, 2000, 2000, 2000, 10000, 8000, 2000, 10000, 2000, 8000, 2000, 2000, 10000, 2000, 10000, 10000, 10000, 10000, 2000, 10000, 2000, 10000, 10000, 10000, 10000, 2000, 10000]",[],agent2,LocalModel,égoïste,0,"['OptionB', 'OptionB', 'OptionA', 'OptionA', 'OptionB', 'OptionB', 'OptionB', 'OptionA', 'OptionA', 'OptionB', 'OptionA', 'OptionB', 'OptionA', 'OptionB', 'OptionB', 'OptionA', 'OptionB', 'OptionA', 'OptionA', 'OptionA', 'OptionA', 'OptionB', 'OptionA', 'OptionB', 'OptionA', 'OptionA', 'OptionA', 'OptionA', 'OptionB', 'OptionA']","[2000, 2000, 0, 0, 2000, 2000, 2000, 0, 8000, 2000, 0, 2000, 8000, 2000, 2000, 0, 2000, 0, 0, 0, 0, 2000, 0, 2000, 0, 0, 0, 0, 2000, 0]",[]
game_166,fr,True,30,30,False,agent1,LocalModel,égoïste,0,"['OptionB', 'OptionA', 'OptionA', 'OptionB', 'OptionA', 'OptionA', 'OptionA', 'OptionB', 'OptionA', 'OptionA', 'OptionA', 'OptionA', 'OptionA', 'OptionB', 'OptionA', 'OptionB', 'OptionB', 'OptionA', 'OptionA', 'OptionB', 'OptionB', 'OptionB', 'OptionA', 'OptionB', 'OptionB', 'OptionB', 'OptionA', 'OptionA', 'OptionB', 'OptionB']","[2000, 0, 0, 2000, 0, 0, 8000, 2000, 0, 0, 0, 0, 0, 2000, 0, 2000, 2000, 0, 0, 10000, 2000, 2000, 0, 2000, 2000, 2000, 0, 8000, 2000, 2000]",[],agent2,LocalModel,coopératif,0,"['OptionB', 'OptionB', 'OptionB', 'OptionB', 'OptionB', 'OptionB', 'OptionA', 'OptionB', 'OptionB', 'OptionB', 'OptionB', 'OptionB', 'OptionB', 'OptionB', 'OptionB', 'OptionB', 'OptionB', 'OptionB', 'OptionB', 'OptionA', 'OptionB', 'OptionB', 'OptionB', 'OptionB', 'OptionB', 'OptionB', 'OptionB', 'OptionA', 'OptionB', 'OptionB']","[2000, 10000, 10000, 2000, 10000, 10000, 8000, 2000, 10000, 10000, 10000, 10000, 10000, 2000, 10000, 2000, 2000, 10000, 10000, 0, 2000, 2000, 10000, 2000, 2000, 2000, 10000, 8000, 2000, 2000]",[]
game_167,fr,True,30,30,False,agent1,LocalModel,égoïste,0,"['OptionB', 'OptionB', 'OptionA', 'OptionB', 'OptionA', 'OptionB', 'OptionB', 'OptionB', 'OptionB', 'OptionB', 'OptionB', 'OptionB', 'OptionB', 'OptionA', 'OptionA', 'OptionB', 'OptionA', 'OptionA', 'OptionA', 'OptionB', 'OptionB', 'OptionB', 'OptionA', 'OptionA', 'OptionA', 'OptionA', 'OptionB', 'OptionB', 'OptionA', 'OptionB']","[2000, 2000, 8000, 10000, 8000, 2000, 2000, 10000, 2000, 10000, 10000, 2000, 10000, 0, 8000, 2000, 0, 0, 0, 2000, 2000, 10000, 0, 8000, 0, 0, 10000, 2000, 0, 2000]",[],agent2,LocalModel,égoïste,0,"['OptionB', 'OptionB', 'OptionA', 'OptionA', 'OptionA', 'OptionB', 'OptionB', 'OptionA', 'OptionB', 'OptionA', 'OptionA', 'OptionB', 'OptionA', 'OptionB', 'OptionA', 'OptionB', 'OptionB', 'OptionB', 'OptionB', 'OptionB', 'OptionB', 'OptionA', 'OptionB', 'OptionA', 'OptionB', 'OptionB', 'OptionA', 'OptionB', 'OptionB', 'OptionB']","[2000, 2000, 8000, 0, 8000, 2000, 2000, 0, 2000, 0, 0, 2000, 0, 10000, 8000, 2000, 10000, 10000, 10000, 2000, 2000, 0, 10000, 8000, 10000, 10000, 0, 2000, 10000, 2000]",[]
game_184,fr,True,30,30,False,agent1,LocalModel,coopératif,0,"['OptionB', 'OptionB', 'OptionB', 'OptionA', 'OptionB', 'OptionB', 'OptionB', 'OptionB', 'OptionB', 'OptionB', 'OptionB', 'OptionB', 'OptionB', 'OptionA', 'OptionB', 'OptionB', 'OptionA', 'OptionB', 'OptionB', 'OptionB', 'OptionB', 'OptionB', 'OptionB', 'OptionB', 'OptionB', 'OptionB', 'OptionB', 'OptionB', 'OptionB', 'OptionA']","[2000, 2000, 2000, 0, 2000, 2000, 2000, 2000, 2000, 2000, 2000, 10000, 2000, 8000, 10000, 2000, 0, 2000, 2000, 2000, 2000, 10000, 2000, 2000, 2000, 2000, 2000, 2000, 2000, 0]",[],agent2,LocalModel,coopératif,0,"['OptionB', 'OptionB', 'OptionB', 'OptionB', 'OptionB', 'OptionB', 'OptionB', 'OptionB', 'OptionB', 'OptionB', 'OptionB', 'OptionA', 'OptionB', 'OptionA', 'OptionA', 'OptionB', 'OptionB', 'OptionB', 'OptionB', 'OptionB', 'OptionB', 'OptionA', 'OptionB', 'OptionB', 'OptionB', 'OptionB', 'OptionB', 'OptionB', 'OptionB', 'OptionB']","[2000, 2000, 2000, 10000, 2000, 2000, 2000, 2000, 2000, 2000, 2000, 0, 2000, 8000, 0, 2000, 10000, 2000, 2000, 2000, 2000, 0, 2000, 2000, 2000, 2000, 2000, 2000, 2000, 10000]",[]
game_185,fr,True,30,30,False,agent1,LocalModel,coopératif,0,"['OptionB', 'OptionB', 'OptionA', 'OptionB', 'OptionB', 'OptionB', 'OptionB', 'OptionB', 'OptionB', 'OptionB', 'OptionB', 'OptionB', 'OptionB', 'OptionB', 'OptionB', 'OptionB', 'OptionB', 'OptionB', 'OptionB', 'OptionB', 'OptionB', 'OptionB', 'OptionB', 'OptionB', 'OptionB', 'OptionB', 'OptionB', 'OptionB', 'OptionB', 'OptionB']","[10000, 2000, 8000, 2000, 2000, 2000, 2000, 10000, 2000, 2000, 2000, 2000, 2000, 10000, 2000, 2000, 2000, 2000, 2000, 10000, 2000, 10000, 10000, 2000, 2000, 2000, 2000, 2000, 10000, 10000]",[],agent2,LocalModel,égoïste,0,"['OptionA', 'OptionB', 'OptionA', 'OptionB', 'OptionB', 'OptionB', 'OptionB', 'OptionA', 'OptionB', 'OptionB', 'OptionB', 'OptionB', 'OptionB', 'OptionA', 'OptionB', 'OptionB', 'OptionB', 'OptionB', 'OptionB', 'OptionA', 'OptionB', 'OptionA', 'OptionA', 'OptionB', 'OptionB', 'OptionB', 'OptionB', 'OptionB', 'OptionA', 'OptionA']","[0, 2000, 8000, 2000, 2000, 2000, 2000, 0, 2000, 2000, 2000, 2000, 2000, 0, 2000, 2000, 2000, 2000, 2000, 0, 2000, 0, 0, 2000, 2000, 2000, 2000, 2000, 0, 0]",[]
game_186,fr,True,30,30,False,agent1,LocalModel,égoïste,0,"['OptionB', 'OptionB', 'OptionB', 'OptionB', 'OptionB', 'OptionB', 'OptionA', 'OptionB', 'OptionB', 'OptionA', 'OptionA', 'OptionB', 'OptionB', 'OptionA', 'OptionA', 'OptionA', 'OptionA', 'OptionA', 'OptionA', 'OptionA', 'OptionA', 'OptionA', 'OptionA', 'OptionA', 'OptionB', 'OptionB', 'OptionB', 'OptionB', 'OptionB', 'OptionB']","[2000, 2000, 10000, 2000, 2000, 2000, 0, 2000, 2000, 0, 8000, 2000, 2000, 0, 0, 0, 0, 0, 0, 0, 0, 0, 8000, 0, 2000, 2000, 10000, 2000, 2000, 2000]",[],agent2,LocalModel,coopératif,0,"['OptionB', 'OptionB', 'OptionA', 'OptionB', 'OptionB', 'OptionB', 'OptionB', 'OptionB', 'OptionB', 'OptionB', 'OptionA', 'OptionB', 'OptionB', 'OptionB', 'OptionB', 'OptionB', 'OptionB', 'OptionB', 'OptionB', 'OptionB', 'OptionB', 'OptionB', 'OptionA', 'OptionB', 'OptionB', 'OptionB', 'OptionA', 'OptionB', 'OptionB', 'OptionB']","[2000, 2000, 0, 2000, 2000, 2000, 10000, 2000, 2000, 10000, 8000, 2000, 2000, 10000, 10000, 10000, 10000, 10000, 10000, 10000, 10000, 10000, 8000, 10000, 2000, 2000, 0, 2000, 2000, 2000]",[]
game_187,fr,True,30,30,False,agent1,LocalModel,égoïste,0,"['OptionA', 'OptionB', 'OptionA', 'OptionB', 'OptionB', 'OptionA', 'OptionB', 'OptionA', 'OptionB', 'OptionA', 'OptionB', 'OptionA', 'OptionB', 'OptionB', 'OptionB', 'OptionB', 'OptionB', 'OptionA', 'OptionB', 'OptionB', 'OptionB', 'OptionA', 'OptionA', 'OptionB', 'OptionB', 'OptionA', 'OptionB', 'OptionB', 'OptionA', 'OptionB']","[0, 10000, 8000, 10000, 2000, 8000, 10000, 8000, 10000, 8000, 10000, 0, 10000, 10000, 10000, 10000, 10000, 0, 2000, 10000, 10000, 0, 8000, 2000, 2000, 0, 2000, 2000, 8000, 2000]",[],agent2,LocalModel,égoïste,0,"['OptionB', 'OptionA', 'OptionA', 'OptionA', 'OptionB', 'OptionA', 'OptionA', 'OptionA', 'OptionA', 'OptionA', 'OptionA', 'OptionB', 'OptionA', 'OptionA', 'OptionA', 'OptionA', 'OptionA', 'OptionB', 'OptionB', 'OptionA', 'OptionA', 'OptionB', 'OptionA', 'OptionB', 'OptionB', 'OptionB', 'OptionB', 'OptionB', 'OptionA', 'OptionB']","[10000, 0, 8000, 0, 2000, 8000, 0, 8000, 0, 8000, 0, 10000, 0, 0, 0, 0, 0, 10000, 2000, 0, 0, 10000, 8000, 2000, 2000, 10000, 2000, 2000, 8000, 2000]",[]
